datetime,open,high,low,close,volume
2026-02-24T14:00:00+00:00,208.49999999999997,210.09999999999997,206.52999999999997,208.71999999999997,8025
2026-02-24T15:00:00+00:00,208.71999999999997,210.25999999999996,-2566.7405,207.69,15597.381104372806
2026-02-24T16:00:00+00:00,207.69,209.33,207.5,209.03,10789
2026-02-24T17:00:00+00:00,209.03,209.82,208.9,209.25,7121
2026-02-24T18:00:00+00:00,209.25,210.24,208.84,209.8,6405
2026-02-24T19:00:00+00:00,209.8,209.89,208.56,209.18,7694
2026-02-24T20:00:00+00:00,209.18,209.38,208.02,208.46,6739
2026-02-25T14:00:00+00:00,208.46,211.16,208.46,210.72,11722
2026-02-25T15:00:00+00:00,210.72,211.45999999999998,209.76000000000002,210.28,21884
2026-02-25T16:00:00+00:00,210.28,210.32999999999998,209.39,209.39,12946
2026-02-25T17:00:00+00:00,209.39,209.75,208.94,209.20999999999998,9139
2026-02-25T18:00:00+00:00,209.20999999999998,209.60999999999999,208.81,209.48999999999998,6984
2026-02-25T19:00:00+00:00,209.48999999999998,210.44,209.48,210.31,7717
2026-02-25T20:00:00+00:00,210.31,210.67999999999998,209.89999999999998,210.54999999999998,9992
2026-02-26T14:00:00+00:00,210.54999999999998,210.91,208.6,209.2,14942
2026-02-26T15:00:00+00:00,209.2,209.73,206.84,208.01999999999998,35535
2026-02-26T16:00:00+00:00,208.01999999999998,209.03,206.93,206.97,23987
2026-02-26T17:00:00+00:00,206.97,207.41000000000003,205.67000000000002,205.69,19547
2026-02-26T18:00:00+00:00,205.69,206.89000000000001,-2566.6105,-2565.9805,19818.97083313533
2026-02-26T19:00:00+00:00,-2566.0305,208.26,-2566.1005,-2565.1205,17026.925224090464
2026-02-26T20:00:00+00:00,-2565.1504999999997,208.13,-2565.4004999999997,207.77,17048.604942726888
2026-02-27T14:00:00+00:00,207.77,207.77,205.08,205.96,12257
2026-02-27T15:00:00+00:00,205.96,209.1,-2564.7305,-2564.6405,27337.928309886298
2026-02-27T16:00:00+00:00,208.47,208.91,207.49,208.11,23682
2026-02-27T17:00:00+00:00,208.11,209.5,207.25,207.89,21480
2026-02-27T18:00:00+00:00,207.89,209.05,207.55,208.61,17634
2026-02-27T19:00:00+00:00,208.61,209.23,208.32,208.9,14880
2026-02-27T20:00:00+00:00,208.9,210.21,208.13,210.2,19024
2026-03-02T14:00:00+00:00,210.2,213.76,209.23,212.88,14876
2026-03-02T15:00:00+00:00,212.88,214.68,212.66,213.77,33457
2026-03-02T16:00:00+00:00,213.77,215.32,212.13,214.87,23848
2026-03-02T17:00:00+00:00,214.87,215.28,213.93,214.3,17138
2026-03-02T18:00:00+00:00,214.3,214.82,213.98,214.17,15429
2026-03-02T19:00:00+00:00,214.17,215.57,214.02,214.21,14120
2026-03-02T20:00:00+00:00,214.21,214.59,213.18,214.15,25341
2026-03-03T14:00:00+00:00,214.15,214.15,208.89,209.61,18360
2026-03-03T15:00:00+00:00,209.61,210.29,208.36,209.56,48386
2026-03-03T16:00:00+00:00,209.56,213.25,209.48,212.33,37643
2026-03-03T17:00:00+00:00,212.33,212.99,211.65,212.09,30526
2026-03-03T18:00:00+00:00,212.09,214.5,212.07,214.13,26401
2026-03-03T19:00:00+00:00,214.13,214.77,212.89,214.46,28726
2026-03-03T20:00:00+00:00,214.46,215.04,214.06,214.67,25052
2026-03-04T14:00:00+00:00,214.67,220.77,214.67,220.74,16983
2026-03-04T15:00:00+00:00,220.74,223.39,219.89,221.24,31784
2026-03-04T16:00:00+00:00,221.24,222.29,220.83,220.95,19096
2026-03-04T17:00:00+00:00,220.95,221.61,220.34,221.49,14393
2026-03-04T18:00:00+00:00,221.49,222.75,221.23,222.65,13019
2026-03-04T19:00:00+00:00,222.65,222.97,222.18,222.67,10783
2026-03-04T20:00:00+00:00,222.67,223.36,222.06,222.69,14165
2026-03-05T14:00:00+00:00,222.69,226.32,221.03,225.19,15738
2026-03-05T15:00:00+00:00,225.19,225.56,221.59,222.93,38399
2026-03-05T16:00:00+00:00,222.93,224.06,221.79,223.85,30527
2026-03-05T17:00:00+00:00,223.85,224.72,222.81,223.72,28965
2026-03-05T18:00:00+00:00,223.72,224.19,222.71,223.27,26905
2026-03-05T19:00:00+00:00,223.27,224.07,222.95,223.99,23700
2026-03-05T20:00:00+00:00,223.99,225.62,223.47,224.83,25794
2026-03-06T14:00:00+00:00,224.83,224.83,220.06,220.35,16285
2026-03-06T15:00:00+00:00,220.35,222.07,220.15,221.84,37351
2026-03-06T16:00:00+00:00,221.84,222.42,220.53,221.77,32019
2026-03-06T17:00:00+00:00,221.77,222.36,220.14,220.5,21796
2026-03-06T18:00:00+00:00,220.5,221.47,220.35,220.85,20851
2026-03-06T19:00:00+00:00,220.85,221.19,219.1,219.75,19503
2026-03-06T20:00:00+00:00,219.75,220.17,218.38,219.11,22531
2026-03-09T13:00:00+00:00,219.11,219.11,213.25,213.3,14017
2026-03-09T14:00:00+00:00,213.3,216.49,212.99,215.91,31543
2026-03-09T15:00:00+00:00,215.91,216.73,215.38,215.97,20368
2026-03-09T16:00:00+00:00,215.97,216.64,215.28,215.68,16414
2026-03-09T17:00:00+00:00,215.68,216.34,214.68,215.25,16545
2026-03-09T18:00:00+00:00,215.25,215.95,215.02,215.24,15122
2026-03-09T19:00:00+00:00,215.24,219.7,214.87,219.48,22587
2026-03-10T13:00:00+00:00,219.48,220.37,218.24,219.35,10929
2026-03-10T14:00:00+00:00,219.35,221.33,218.6,221.26,28675
2026-03-10T15:00:00+00:00,221.26,221.52,219.91,220.45,18789
2026-03-10T16:00:00+00:00,220.45,221.53,219.69,221.04,17204
2026-03-10T17:00:00+00:00,221.04,221.51,220.09,220.85,18836
2026-03-10T18:00:00+00:00,220.85,221,219.44,220.13,27963
2026-03-10T19:00:00+00:00,220.13,220.61,219.59,220.15,22847
2026-03-11T13:00:00+00:00,220.15,221.39000000000001,219.13000000000002,220.25000000000003,10935
2026-03-11T14:00:00+00:00,220.25000000000003,221.26000000000002,217.57000000000002,218.42000000000002,29912
2026-03-11T15:00:00+00:00,218.42000000000002,218.68,216.23000000000002,216.51000000000002,23977
2026-03-11T16:00:00+00:00,216.51000000000002,217.8,216.35000000000002,217.48000000000002,19567
2026-03-11T17:00:00+00:00,217.48000000000002,217.62,215.83,216.68,20434
2026-03-11T18:00:00+00:00,216.68,217.85000000000002,216.07000000000002,217.49,17932
2026-03-11T19:00:00+00:00,217.49,217.83,217.00000000000003,217.15,13600
2026-03-12T13:00:00+00:00,217.15,217.15,213.33,214.59,10578
2026-03-12T14:00:00+00:00,214.59,215.88000000000002,214.07000000000002,214.16000000000003,26851
2026-03-12T15:00:00+00:00,214.16000000000003,214.51000000000002,212.66000000000003,214.47000000000003,23464
2026-03-12T16:00:00+00:00,214.47000000000003,215.08,213.73000000000002,214.68,21288
2026-03-12T17:00:00+00:00,214.68,215.39000000000001,213.85000000000002,214.15,14696
2026-03-12T18:00:00+00:00,214.15,214.51000000000002,213.57000000000002,213.73000000000002,12062
2026-03-12T19:00:00+00:00,213.73000000000002,214.76000000000002,213.32000000000002,214.03,14727
2026-03-13T13:00:00+00:00,214.03,215.07000000000002,212.14000000000001,213.67000000000002,14646
2026-03-13T14:00:00+00:00,213.67000000000002,215.02,212.98000000000002,213.03,36982
2026-03-13T15:00:00+00:00,213.03,213.49,211.37,211.57000000000002,29544
2026-03-13T16:00:00+00:00,211.57000000000002,212.68,211.05,211.25000000000003,27120
2026-03-13T17:00:00+00:00,211.25000000000003,211.85000000000002,210.73000000000002,211.29000000000002,22937
2026-03-13T18:00:00+00:00,211.29000000000002,212.79000000000002,211.20000000000002,212.58,18444
2026-03-13T19:00:00+00:00,212.58,213.02,211.60000000000002,212.27,17611
2026-03-16T13:00:00+00:00,212.27,214.46,211.96,213.42000000000002,10469
2026-03-16T14:00:00+00:00,213.42000000000002,214.66000000000003,212.86,213.67000000000002,18144
2026-03-16T15:00:00+00:00,213.67000000000002,214.19000000000003,213.04000000000002,213.49,13512
2026-03-16T16:00:00+00:00,213.49,214.37,213.12,214.05,14069
2026-03-16T17:00:00+00:00,214.05,214.72000000000003,214.02,214.45000000000002,10916
2026-03-16T18:00:00+00:00,214.45000000000002,216.54000000000002,214.42000000000002,216.17000000000002,9081
2026-03-16T19:00:00+00:00,216.17000000000002,217.24,215.60000000000002,216.3,18836
2026-03-17T13:00:00+00:00,216.3,219.36,216.3,218.71,9295
2026-03-17T14:00:00+00:00,218.71,219.00000000000003,217.75000000000003,218.49,16101
2026-03-17T15:00:00+00:00,218.49,218.78,217.74,217.88000000000002,12715
2026-03-17T16:00:00+00:00,217.88000000000002,218.54000000000002,217.52,218.08,11255
2026-03-17T17:00:00+00:00,218.08,219.05,218.07000000000002,218.39000000000001,7548
2026-03-17T18:00:00+00:00,218.39000000000001,219.55,217.73000000000002,219.05,8561
2026-03-17T19:00:00+00:00,219.05,220.19000000000003,218.70000000000002,219.75000000000003,13530
2026-03-18T13:00:00+00:00,219.75000000000003,219.75000000000003,217.53,217.93,10695
2026-03-18T14:00:00+00:00,217.93,218.25000000000003,215.98000000000002,216.37,18233
2026-03-18T15:00:00+00:00,216.37,216.85000000000002,215.89000000000001,216.43,12984
2026-03-18T16:00:00+00:00,216.43,216.79000000000002,215.3,215.37,10473
2026-03-18T17:00:00+00:00,215.37,215.85000000000002,214.98000000000002,215.68,9491
2026-03-18T18:00:00+00:00,215.68,216.09,214.29000000000002,214.34,15703
2026-03-18T19:00:00+00:00,214.34,214.72000000000003,213.33,214.31,18498
2026-03-19T13:00:00+00:00,214.31,214.31,210.57000000000002,212.77,13478
2026-03-19T14:00:00+00:00,212.77,213.17000000000002,211.13000000000002,212.11,23534
2026-03-19T15:00:00+00:00,212.11,213.32000000000002,211.45000000000002,212.03,18104
2026-03-19T16:00:00+00:00,212.03,212.45000000000002,211.13000000000002,211.76000000000002,15273
2026-03-19T17:00:00+00:00,211.76000000000002,212.08,211.18,211.91000000000003,10604
2026-03-19T18:00:00+00:00,211.91000000000003,212.44000000000003,211.27,212.07000000000002,9204
2026-03-19T19:00:00+00:00,212.07000000000002,213.65,211.97000000000003,213.3,28508
2026-03-20T13:00:00+00:00,213.3,213.3,209.66000000000003,210.14000000000001,11446
2026-03-20T14:00:00+00:00,210.14000000000001,211.94000000000003,210.05,211.59,20131
2026-03-20T15:00:00+00:00,211.59,211.94000000000003,210.42000000000002,211.58,18342
2026-03-20T16:00:00+00:00,211.58,212.06,210.92000000000002,211.37,10886
2026-03-20T17:00:00+00:00,211.37,211.74,210.17000000000002,211.21,11968
2026-03-20T18:00:00+00:00,211.21,211.34,209.88000000000002,210.02,12860
2026-03-20T19:00:00+00:00,210.02,210.53,208.82000000000002,209.85000000000002,18679
2026-03-23T13:00:00+00:00,209.85000000000002,217.13000000000002,209.85000000000002,217.10000000000002,20100
2026-03-23T14:00:00+00:00,217.10000000000002,217.32000000000002,215.87,216.27,30009
2026-03-23T15:00:00+00:00,216.27,217.22000000000003,214.92000000000002,215.08,23447
2026-03-23T16:00:00+00:00,215.08,216.3,214.70000000000002,215.46,25804
2026-03-23T17:00:00+00:00,215.46,216.04000000000002,214.87,215.75000000000003,18283
2026-03-23T18:00:00+00:00,215.75000000000003,215.93,215.07000000000002,215.67000000000002,15543
2026-03-23T19:00:00+00:00,215.67000000000002,215.81,214.53,214.66000000000003,20177
2026-03-24T13:00:00+00:00,214.66000000000003,214.66000000000003,211.16000000000003,212.22000000000003,16028
2026-03-24T14:00:00+00:00,212.22000000000003,213.65,211.64000000000001,212.43,31707
2026-03-24T15:00:00+00:00,212.43,213.55,212.02,212.85000000000002,19752
2026-03-24T16:00:00+00:00,212.85000000000002,213.04000000000002,211.85000000000002,212.34,15618
2026-03-24T17:00:00+00:00,212.34,212.49,211.27,211.99,19272
2026-03-24T18:00:00+00:00,211.99,212.86,211.78,212.07000000000002,16220
2026-03-24T19:00:00+00:00,212.07000000000002,212.45000000000002,211.23000000000002,211.77,18206
2026-03-25T13:00:00+00:00,211.77,217.52,211.77,216.88000000000002,16759
2026-03-25T14:00:00+00:00,216.88000000000002,217.15,215.61,216.60000000000002,27554
2026-03-25T15:00:00+00:00,216.60000000000002,216.74,214.4,215.47000000000003,22692
2026-03-25T16:00:00+00:00,215.47000000000003,216.91000000000003,215.20000000000002,216.62,17891
2026-03-25T17:00:00+00:00,216.62,217.42000000000002,216.33,216.72000000000003,14737
2026-03-25T18:00:00+00:00,216.72000000000003,216.8,215.60000000000002,215.83,12313
2026-03-25T19:00:00+00:00,215.83,216.36,215.43,216.22000000000003,20050
2026-03-26T13:00:00+00:00,216.22000000000003,216.22000000000003,212.3,215.20000000000002,10529
2026-03-26T14:00:00+00:00,215.20000000000002,217.4,214.79000000000002,216.8,23044
2026-03-26T15:00:00+00:00,216.8,217.38000000000002,215.83,216.16000000000003,16987
2026-03-26T16:00:00+00:00,216.16000000000003,216.18,214.46,214.76000000000002,12532
2026-03-26T17:00:00+00:00,214.76000000000002,214.9,212.45000000000002,212.49,10868
2026-03-26T18:00:00+00:00,212.49,213.16000000000003,212.3,212.62,9728
2026-03-26T19:00:00+00:00,212.62,212.88000000000002,211.63000000000002,212.16000000000003,12552
2026-03-27T13:00:00+00:00,212.16000000000003,212.16000000000003,206.21,206.29000000000002,11414
2026-03-27T14:00:00+00:00,206.29000000000002,206.86,205.45000000000002,205.56,21963
2026-03-27T15:00:00+00:00,205.56,206.24,204.79000000000002,205.50000000000003,18750
2026-03-27T16:00:00+00:00,205.50000000000003,205.95000000000002,204.99,205.8,11723
2026-03-27T17:00:00+00:00,205.8,206.34,-2572.8005,200.51,11279.062368605466
2026-03-27T18:00:00+00:00,200.51,200.62,199.39,199.47,10810
2026-03-27T19:00:00+00:00,199.47,200.16,199.01,199.13,15379
2026-03-30T13:00:00+00:00,199.13,202.23,199.13,201.37,12838
2026-03-30T14:00:00+00:00,201.37,202.56,200.64,202.55,24524
2026-03-30T15:00:00+00:00,202.55,203.67,202.08,203.18,18328
2026-03-30T16:00:00+00:00,203.18,203.25,202.38,202.61,13223
2026-03-30T17:00:00+00:00,202.61,202.83,201.31,201.88,14525
2026-03-30T18:00:00+00:00,201.88,201.91,200.51,200.61,10123
2026-03-30T19:00:00+00:00,200.61,201.11,199.87,200.82,21245
2026-03-31T13:00:00+00:00,200.82,207.21,200.82,206.64,11298
2026-03-31T14:00:00+00:00,206.64,206.9,204.31,204.8,20882
2026-03-31T15:00:00+00:00,204.8,206.34,204.7,205.22,15785
2026-03-31T16:00:00+00:00,205.22,208.92,205.12,208.21,22657
2026-03-31T17:00:00+00:00,208.21,210.16,208.08,208.16,22867
2026-03-31T18:00:00+00:00,208.16,209.08,208.16,208.8,13024
2026-03-31T19:00:00+00:00,208.8,209.81,207.42,208.25,16044
2026-04-01T13:00:00+00:00,208.25,211.2,208.03,209.5,15114
2026-04-01T14:00:00+00:00,209.5,211.67,209.47,211.36,25207
2026-04-01T15:00:00+00:00,211.36,213.08,211.17,212.93,15194
2026-04-01T16:00:00+00:00,212.93,213.46,212.47,212.5,10645
2026-04-01T17:00:00+00:00,212.5,212.67,211.69,211.72,9288
2026-04-01T18:00:00+00:00,211.72,211.75,209.79,210.1,17223
2026-04-01T19:00:00+00:00,210.1,211.76,210.01,210.31,20140
2026-04-02T13:00:00+00:00,210.31,210.31,204.79,207.73,11394
2026-04-02T14:00:00+00:00,207.73,212.06,-2562.8505,-2562.8505,25386.622590183324
2026-04-02T15:00:00+00:00,210.25,210.69,209.22,209.54,19745
2026-04-02T16:00:00+00:00,209.54,209.97,208.83,209.54,13693
2026-04-02T17:00:00+00:00,209.54,209.87,208.35,208.45,11913
2026-04-02T18:00:00+00:00,208.45,209.35,208.45,208.91,10261
2026-04-02T19:00:00+00:00,208.91,209.78,208.66,209.66,12477
2026-04-06T13:00:00+00:00,209.66,212.58,209.03,212.58,11708
2026-04-06T14:00:00+00:00,212.58,212.8,211.26,212.01,22737
2026-04-06T15:00:00+00:00,212.01,212.75,211.88,212.43,11846
2026-04-06T16:00:00+00:00,212.43,212.74,212.04,212.07,6702
2026-04-06T17:00:00+00:00,212.07,212.11,211.1,211.34,8560
2026-04-06T18:00:00+00:00,211.34,212.42,211.04,212.33,6466
2026-04-06T19:00:00+00:00,212.33,212.74,211.87,212.58,6812
2026-04-07T13:00:00+00:00,212.58,212.58,210.41,210.94,11033
2026-04-07T14:00:00+00:00,210.94,211.05,209.51,209.55,21670
2026-04-07T15:00:00+00:00,209.55,210.97,208.95,210.83,16134
2026-04-07T16:00:00+00:00,210.83,212.11,210.71,211.55,14007
2026-04-07T17:00:00+00:00,211.55,213.02,211.47,212.77,11165
2026-04-07T18:00:00+00:00,212.77,213.02,211.14,211.5,10042
2026-04-07T19:00:00+00:00,211.5,213.84,211.38,213.57,18228
2026-04-08T13:00:00+00:00,213.57,225.81,213.57,219.68,12235
2026-04-08T14:00:00+00:00,219.68,221.43,-2552.5605,-2552.5005,20056.029435909462
2026-04-08T15:00:00+00:00,220.6,221.56,220.22,221.33,11123
2026-04-08T16:00:00+00:00,221.33,222.59,221.17,222.17,7485
2026-04-08T17:00:00+00:00,222.17,222.25,221.34,222.21,8074
2026-04-08T18:00:00+00:00,222.21,222.68,220.33,220.41,10211
2026-04-08T19:00:00+00:00,220.41,221.25,220.04,221.1,15294
2026-04-09T13:00:00+00:00,221.1,226.33,221.1,224.97,10664
2026-04-09T14:00:00+00:00,224.97,228.48,224.1,228.16,15875
2026-04-09T15:00:00+00:00,228.16,232.1,227.75,231.89,17369
2026-04-09T16:00:00+00:00,231.89,233.68,230.34,230.97,13866
2026-04-09T17:00:00+00:00,230.97,231.68,230.66,231.38,10116
2026-04-09T18:00:00+00:00,231.38,232.13,230.49,231.85,11748
2026-04-09T19:00:00+00:00,231.85,233.41,231.49,233.36,13810
2026-04-10T13:00:00+00:00,233.36,238.7,233.36,238.04,9852
2026-04-10T14:00:00+00:00,238.04,239.61,-2534.1805,-2534.1304999999998,13695.261518494484
2026-04-10T15:00:00+00:00,238.97,240.32,237.59,237.72,12105
2026-04-10T16:00:00+00:00,237.72,238.27,237,237.86,9883
2026-04-10T17:00:00+00:00,237.86,238.69,237.51,237.8,7714
2026-04-10T18:00:00+00:00,237.8,238.4,237.31,237.72,6397
2026-04-10T19:00:00+00:00,237.72,238.38,237.58,238.21,8884
2026-04-13T13:00:00+00:00,238.21,238.21,235.63,237.08,9580
2026-04-13T14:00:00+00:00,237.08,238.04,235.94,237.39,14653
2026-04-13T15:00:00+00:00,237.39,239.19,236.88,238.09,10187
2026-04-13T16:00:00+00:00,238.09,238.97,237.23,238.42,10145
2026-04-13T17:00:00+00:00,238.42,238.76,238.03,238.57,5291
2026-04-13T18:00:00+00:00,238.57,239.11,238.13,238.31,4689
2026-04-13T19:00:00+00:00,238.31,239.89,238.09,239.75,8350
2026-04-14T13:00:00+00:00,239.75,246.75,239.75,245.59,10958
2026-04-14T14:00:00+00:00,245.59,246.97,244.84,246.71,12817
2026-04-14T15:00:00+00:00,246.71,248.51,246.25,248.04,9547
2026-04-14T16:00:00+00:00,248.04,250.3,247.61,249.88,9253
2026-04-14T17:00:00+00:00,249.88,252.05,249.33,251.63,7656
2026-04-14T18:00:00+00:00,251.63,251.99,248.43,248.6,8259
2026-04-14T19:00:00+00:00,248.6,249.62,248.08,248.9,10505
2026-04-15T13:00:00+00:00,248.9,250.19,247.16,248.45,8799
2026-04-15T14:00:00+00:00,248.45,248.73,-2525.3005,-2525.3005,10851.357913669064
2026-04-15T15:00:00+00:00,247.81,248.26,247.11,247.77,8716
2026-04-15T16:00:00+00:00,247.77,248.98,247.58,247.89,7675
2026-04-15T17:00:00+00:00,247.89,248.69,247.74,248.18,5737
2026-04-15T18:00:00+00:00,248.18,248.95,248.01,248.56,5580
2026-04-15T19:00:00+00:00,248.56,249.35,248.23,248.39,5978
2026-04-16T13:00:00+00:00,248.39,249.82,244.54,244.7,10537
2026-04-16T14:00:00+00:00,244.7,246.35,244.04,246.1,15786
2026-04-16T15:00:00+00:00,246.1,248.5,245.91,248.42,12441
2026-04-16T16:00:00+00:00,248.42,248.93,247.58,248.27,9305
2026-04-16T17:00:00+00:00,248.27,249.49,248.2,249.11,8884
2026-04-16T18:00:00+00:00,249.11,249.4,248.18,248.66,9348
2026-04-16T19:00:00+00:00,248.66,249.62,248.11,249.45,10311
2026-04-17T13:00:00+00:00,249.45,255.65,249.45,253.78,10951
2026-04-17T14:00:00+00:00,253.78,256.05,-2518.7405,-2518.7305,12877.634322373697
2026-04-17T15:00:00+00:00,254.4,254.5,253.51,253.57,10075
2026-04-17T16:00:00+00:00,253.57,253.95,253.01,253.67,7109
2026-04-17T17:00:00+00:00,253.67,254.18,253.19,253.57,9771
2026-04-17T18:00:00+00:00,253.57,253.86,250.95,251.2,8219
2026-04-17T19:00:00+00:00,251.2,251.3,249.97,250.47,9380
2026-04-20T13:00:00+00:00,250.47,250.47,246.63,247.47,8203
2026-04-20T14:00:00+00:00,247.47,247.97,245.45,245.66,13427
2026-04-20T15:00:00+00:00,245.66,246.95,245.22,246.68,11300
2026-04-20T16:00:00+00:00,246.68,247.28,246.41,247.21,5984
2026-04-20T17:00:00+00:00,247.21,247.59,247.03,247.39,4850
2026-04-20T18:00:00+00:00,247.39,248.4,247.28,247.95,4987
2026-04-20T19:00:00+00:00,247.95,248.52,247.35,248.07,7044
2026-04-21T13:00:00+00:00,248.07,254.82,248.07,253.44,9116
2026-04-21T14:00:00+00:00,253.44,253.75,251.67,251.81,11199
2026-04-21T15:00:00+00:00,251.81,252.76,250.9,252.34,12250
2026-04-21T16:00:00+00:00,252.34,253.13,251.43,251.51,7182
2026-04-21T17:00:00+00:00,251.51,252.81,250.87,252.13,7800
2026-04-21T18:00:00+00:00,252.13,252.36,250.22,250.88,6592
2026-04-21T19:00:00+00:00,250.88,251.66,248.96,249.69,9182
2026-04-22T13:00:00+00:00,249.69,252.37,249.69,252.11,6693
2026-04-22T14:00:00+00:00,252.11,253.55,-2520.4505,-2520.3505,11822.061027976579
2026-04-22T15:00:00+00:00,252.75,253.12,252.02,252.02,7783
2026-04-22T16:00:00+00:00,252.02,253.12,251.86,252.54,6588
2026-04-22T17:00:00+00:00,252.54,253.93,252.54,253.49,6386
2026-04-22T18:00:00+00:00,253.49,254.67,253.46,253.88,6143
2026-04-22T19:00:00+00:00,253.88,255.81,253.73,255.2,6755
2026-04-23T13:00:00+00:00,255.2,256.15,253.68,255.15,7707
2026-04-23T14:00:00+00:00,255.15,257.67,254.32,257.42,13394
2026-04-23T15:00:00+00:00,257.42,258.66,256.39,256.59,9233
2026-04-23T16:00:00+00:00,256.59,257.08,256.37,256.46,5737
2026-04-23T17:00:00+00:00,256.46,256.58,252.91,254.51,17707
2026-04-23T18:00:00+00:00,254.51,255.63,254.28,254.85,9934
2026-04-23T19:00:00+00:00,254.85,255.85,254.34,254.92,11598
2026-04-24T13:00:00+00:00,254.92,260.71,254.92,258.92,11915
2026-04-24T14:00:00+00:00,258.92,261.41,-2513.8405,-2513.5305,18217.643258794298
2026-04-24T15:00:00+00:00,259.55,262.86,259.44,262.81,14326
2026-04-24T16:00:00+00:00,262.81,262.99,261.57,262.02,9436
2026-04-24T17:00:00+00:00,262.02,263.9,262.01,263.69,7997
2026-04-24T18:00:00+00:00,263.69,263.7,262.92,263.58,7233
2026-04-24T19:00:00+00:00,263.58,264.26,263.53,263.76,10802
2026-04-27T13:00:00+00:00,263.76,263.76,260.23,261.07,9300
2026-04-27T14:00:00+00:00,261.07,262.89,260.72,262.74,13915
2026-04-27T15:00:00+00:00,262.74,262.77,260.6,261.1,8466
2026-04-27T16:00:00+00:00,261.1,263.32,260.97,262.49,6596
2026-04-27T17:00:00+00:00,262.49,262.84,261.8,261.95,6043
2026-04-27T18:00:00+00:00,261.95,261.98,261.23,261.35,5224
2026-04-27T19:00:00+00:00,261.35,261.46,260.69,260.86,6754
2026-04-28T13:00:00+00:00,260.86,260.86,256.48,259.17,10262
2026-04-28T14:00:00+00:00,259.17,260.89,259.01,259.95,18152
2026-04-28T15:00:00+00:00,259.95,260.55,258.96,259.67,12768
2026-04-28T16:00:00+00:00,259.67,260.41,258.98,259.28,8387
2026-04-28T17:00:00+00:00,259.28,259.59,257.75,258.61,7869
2026-04-28T18:00:00+00:00,258.61,259.67,258.49,258.9,5518
2026-04-28T19:00:00+00:00,258.9,259.73,258.88,259.63,9495
2026-04-29T13:00:00+00:00,259.63,262.61,257.58,262.58,8648
2026-04-29T14:00:00+00:00,262.58,265.76,-2508.1205,-2508.0905,14485.4725
2026-04-29T15:00:00+00:00,265.01,265.08,262.91,263.3,10987
2026-04-29T16:00:00+00:00,263.3,263.4,260.08,261.45,8659
2026-04-29T17:00:00+00:00,261.45,263.11,261.32,263.04,6393
2026-04-29T18:00:00+00:00,263.04,263.82,262.69,263.74,8522
2026-04-29T19:00:00+00:00,263.74,263.88,261.9,263.31,10882
2026-04-30T13:00:00+00:00,263.31,273.58,257.33,259.03,13767
2026-04-30T14:00:00+00:00,259.03,262.43,257.37,259.37,19250
2026-04-30T15:00:00+00:00,259.37,260.15,256.06,258.16,14801
2026-04-30T16:00:00+00:00,258.16,259.77,257.65,258.21,10089
2026-04-30T17:00:00+00:00,258.21,260.46,258.13,260.14,8649
2026-04-30T18:00:00+00:00,260.14,264,260.04,263.34,10091
2026-04-30T19:00:00+00:00,263.34,266.35,263.34,264.91,13907
2026-05-01T13:00:00+00:00,264.91,268.79,262.61,268.69,8724
2026-05-01T14:00:00+00:00,268.69,273.18,-2503.6705,-2503.6705,16675.60104011887
2026-05-01T15:00:00+00:00,269.42,270.64,268.2,270.02,11718
2026-05-01T16:00:00+00:00,270.02,270.08,268,268.2,9102
2026-05-01T17:00:00+00:00,268.2,269.69,268.09,269.09,7869
2026-05-01T18:00:00+00:00,269.09,269.55,268.09,268.8,7188
2026-05-01T19:00:00+00:00,268.8,269.17,267.49,268.21,8760
2026-05-04T13:00:00+00:00,268.21,273.21,268.21,271.6,9498
2026-05-04T14:00:00+00:00,271.6,275.94,269.28,273.28,16151
2026-05-04T15:00:00+00:00,273.28,274.85,270.45,271,16888
2026-05-04T16:00:00+00:00,271,271.1,269.59,270.07,13281
2026-05-04T17:00:00+00:00,270.07,271.83,269.92,271.66,8353
2026-05-04T18:00:00+00:00,271.66,271.93,270.25,270.8,6849
2026-05-04T19:00:00+00:00,270.8,272.02,270.47,271.95,9931
2026-05-05T13:00:00+00:00,271.95,278.43,271.95,275.89,9362
2026-05-05T14:00:00+00:00,275.89,277.14,274.39,275.92,15068
2026-05-05T15:00:00+00:00,275.92,276.21,274.54,275.81,9203
2026-05-05T16:00:00+00:00,275.81,275.86,272.99,273.05,7650
2026-05-05T17:00:00+00:00,273.05,274.16,272.23,274.16,7051
2026-05-05T18:00:00+00:00,274.16,274.16,273.38,273.7,5365
2026-05-05T19:00:00+00:00,273.7,274.17,273.3,273.41,7573
2026-05-06T13:00:00+00:00,273.41,275.18,272.07,273.31,7594
2026-05-06T14:00:00+00:00,273.31,275.34,-2498.4404999999997,-2498.2205,12112.316035288011
2026-05-06T15:00:00+00:00,274.9,275.06,272.42,274.68,8853
2026-05-06T16:00:00+00:00,274.68,275.87,274.6,275.35,6378
2026-05-06T17:00:00+00:00,275.35,276.98,275.22,276.9,5401
2026-05-06T18:00:00+00:00,276.9,277.68,275.97,276.46,5890
2026-05-06T19:00:00+00:00,276.46,276.95,274.76,275.02,8582
2026-05-07T13:00:00+00:00,275.02,276.38,273,273.45,6211
2026-05-07T14:00:00+00:00,273.45,273.85,272.65,273.28,9697
2026-05-07T15:00:00+00:00,273.28,273.77,272.04,273.42,8437
2026-05-07T16:00:00+00:00,273.42,273.43,271.26,272.77,9797
2026-05-07T17:00:00+00:00,272.77,272.89,271.07,272.71,10470
2026-05-07T18:00:00+00:00,272.71,272.85,271.19,271.96,7438
2026-05-07T19:00:00+00:00,271.96,272,270.28,271.07,10258
2026-05-08T13:00:00+00:00,271.07,273.18,269.78,272.89,6439
2026-05-08T14:00:00+00:00,272.89,273.26,-2501.3005,-2501.3005,9726.112905615646
2026-05-08T15:00:00+00:00,271.79,273.37,271.7,272.49,7229
2026-05-08T16:00:00+00:00,272.49,273.23,272.16,272.37,5397
2026-05-08T17:00:00+00:00,272.37,273.16,272.03,272.41,4408
2026-05-08T18:00:00+00:00,272.41,272.87,271.79,272.26,4262
2026-05-08T19:00:00+00:00,272.26,273.74,272.09,272.49,8003
2026-05-11T13:00:00+00:00,272.49,273.51,268.98,272.9,6889
2026-05-11T14:00:00+00:00,272.9,273.29,270.89,271.63,10767
2026-05-11T15:00:00+00:00,271.63,272.64,271.48,272.1,6399
2026-05-11T16:00:00+00:00,272.1,272.95,271.25,271.46,6330
2026-05-11T17:00:00+00:00,271.46,271.64,270.46,270.64,4842
2026-05-11T18:00:00+00:00,270.64,270.99,269.48,269.5,4544
2026-05-11T19:00:00+00:00,269.5,269.84,268.37,268.91,9086
2026-05-12T13:00:00+00:00,268.91,268.91,264.39,265.32,10198
2026-05-12T14:00:00+00:00,265.32,265.72,263.57,263.77,18875
2026-05-12T15:00:00+00:00,263.77,265.06,263.6,264.27,14674
2026-05-12T16:00:00+00:00,264.27,264.78,262.5,262.86,11151
2026-05-12T17:00:00+00:00,262.86,264.39,262.8,264.01,9634
2026-05-12T18:00:00+00:00,264.01,264.63,263.64,264.19,8674
2026-05-12T19:00:00+00:00,264.19,266.38,263.88,265.7,12622
2026-05-13T13:00:00+00:00,265.7,265.85,263.08,264.91,9492
2026-05-13T14:00:00+00:00,264.91,266.13,-2508.1205,-2508.0505,13669.916283212111
2026-05-13T15:00:00+00:00,265.05,269.22,264.96,268.26,9598
2026-05-13T16:00:00+00:00,268.26,270.25,268.18,269.88,8525
2026-05-13T17:00:00+00:00,269.88,270.23,268.91,268.94,7102
2026-05-13T18:00:00+00:00,268.94,270.24,268.89,269.24,7315
2026-05-13T19:00:00+00:00,269.24,270.61,269.13,270.03,10427
2026-05-14T13:00:00+00:00,270.03,270.63,267.88,268.52,9652
2026-05-14T14:00:00+00:00,268.52,269.4,267.01,267.2,14498
2026-05-14T15:00:00+00:00,267.2,268.21,266.91,268.17,9721
2026-05-14T16:00:00+00:00,268.17,268.77,267.77,268.02,10110
2026-05-14T17:00:00+00:00,268.02,269.06,267.77,268.57,11696
2026-05-14T18:00:00+00:00,268.57,268.58,267.28,267.33,8626
2026-05-14T19:00:00+00:00,267.33,268.11,266.48,267.16,10224
2026-05-15T13:00:00+00:00,267.16,267.16,260.77,262.36,8028
2026-05-15T14:00:00+00:00,262.36,263.9,-2510.4805,-2510.4205,13474.357627118643
2026-05-15T15:00:00+00:00,262.67,263.81,261.57,262.21,9993
2026-05-15T16:00:00+00:00,262.21,263.09,261.63,261.75,6592
2026-05-15T17:00:00+00:00,261.75,263.86,261.57,263.06,6003
2026-05-15T18:00:00+00:00,263.06,263.83,262.64,263.33,7086
2026-05-15T19:00:00+00:00,263.33,264.24,262.68,264.2,9740
2026-05-18T13:00:00+00:00,264.2,268.67,262.4,267.72,8564
2026-05-18T14:00:00+00:00,267.72,268.53,265.88,267.77,16531
2026-05-18T15:00:00+00:00,267.77,267.9,265.28,265.41,13642
2026-05-18T16:00:00+00:00,265.41,265.77,264.02,264.48,12004
2026-05-18T17:00:00+00:00,264.48,265.16,264.07,264.58,10039
2026-05-18T18:00:00+00:00,264.58,264.7,262.54,262.6,11578
2026-05-18T19:00:00+00:00,262.6,264.9,262.58,264.72,16152
2026-05-19T13:00:00+00:00,264.72,264.72,258.67,260.32,7728
2026-05-19T14:00:00+00:00,260.32,260.45,256.17,256.76,16222
2026-05-19T15:00:00+00:00,256.76,257.42,255.06,255.44,12191
2026-05-19T16:00:00+00:00,255.44,257.92,255.38,257.81,9231
2026-05-19T17:00:00+00:00,257.81,259.26,257.63,259.03,9044
2026-05-19T18:00:00+00:00,259.03,259.63,258.61,259.08,8353
2026-05-19T19:00:00+00:00,259.08,259.42,258.48,259.28,9566
2026-05-20T13:00:00+00:00,259.28,262.98,258.9,261.3,6146
2026-05-20T14:00:00+00:00,261.3,264.36,-2509.1605,-2509.0005,15235.75960346964
2026-05-20T15:00:00+00:00,264.08,265.42,263.48,264.75,13121
2026-05-20T16:00:00+00:00,264.75,264.86,262.43,262.88,9534
2026-05-20T17:00:00+00:00,262.88,263.61,262.25,263.34,8304
2026-05-20T18:00:00+00:00,263.34,264.44,262.99,264.21,5647
2026-05-20T19:00:00+00:00,264.21,265.22,263.81,264.91,6249
2026-05-21T13:00:00+00:00,264.91,264.91,261.16,263.18,6918
2026-05-21T14:00:00+00:00,263.18,264.49,261.98,264.26,14888
2026-05-21T15:00:00+00:00,264.26,265.66,263.53,265.5,12017
2026-05-21T16:00:00+00:00,265.5,266.3,264.74,266.22,9148
2026-05-21T17:00:00+00:00,266.22,269.26,266.12,268.62,15666
2026-05-21T18:00:00+00:00,268.62,269.34,266.81,267.25,13303
2026-05-21T19:00:00+00:00,267.25,268.84,267.09,268.41,11204
2026-05-22T13:00:00+00:00,268.41,269.65,267.89,268.21,6931
2026-05-22T14:00:00+00:00,268.21,268.64,-2505.1304999999998,-2505.1304999999998,18420.743994778066
2026-05-22T15:00:00+00:00,267.97,269.18,267.78,269.14,11333
2026-05-22T16:00:00+00:00,269.14,269.19,267.39,267.53,10157
2026-05-22T17:00:00+00:00,267.53,269.43,267.25,267.8,11706
2026-05-22T18:00:00+00:00,267.8,268.18,267.4,267.46,9884
2026-05-22T19:00:00+00:00,267.46,267.47,265.89,266.33,13155
2026-05-26T13:00:00+00:00,266.33,269.08,265.53,266.57,7875
2026-05-26T14:00:00+00:00,266.57,268.07,264.01,264.16,12957
2026-05-26T15:00:00+00:00,264.16,264.64,263.16,263.41,11446
2026-05-26T16:00:00+00:00,263.41,264.1,262.89,262.89,6746
2026-05-26T17:00:00+00:00,262.89,262.99,261.94,262.49,5920
2026-05-26T18:00:00+00:00,262.49,263.27,262.39,262.81,4850
2026-05-26T19:00:00+00:00,262.81,265.55,262.68,265.16,5681
2026-05-27T13:00:00+00:00,265.16,268.66,263.9,267.92,9831
2026-05-27T14:00:00+00:00,267.92,270.57,-2503.1904999999997,-2503.0705,15859.261100251326
2026-05-27T15:00:00+00:00,270.05,271.32,269.75,269.77,12613
2026-05-27T16:00:00+00:00,269.77,272.28,268.98,271.16,10956
2026-05-27T17:00:00+00:00,271.16,271.34,269.49,269.67,8085
2026-05-27T18:00:00+00:00,269.67,270.93,269.05,270.9,6424
2026-05-27T19:00:00+00:00,270.9,271.8,270.48,271.75,8086
2026-05-28T13:00:00+00:00,271.75,272.03,267.49,268.68,6375
2026-05-28T14:00:00+00:00,268.68,270.42,267.3,269.99,11453
2026-05-28T15:00:00+00:00,269.99,270.68,268.98,270.16,6498
2026-05-28T16:00:00+00:00,270.16,270.25,269.03,269.97,4560
2026-05-28T17:00:00+00:00,269.97,272.33,269.94,272.18,4947
2026-05-28T18:00:00+00:00,272.18,274.06,271.76,273.86,4509
2026-05-28T19:00:00+00:00,273.86,274.24,273.08,273.81,5820
2026-05-29T13:00:00+00:00,273.81,274.58,270.42,273.01,6580
2026-05-29T14:00:00+00:00,273.01,273.5,-2502.1605,-2502.0705,13348.92234312118
2026-05-29T15:00:00+00:00,271,272.85,270.88,272.75,8266
2026-05-29T16:00:00+00:00,272.75,272.88,270.71,270.82,5213
2026-05-29T17:00:00+00:00,270.82,271.4,270.71,270.76,5568
2026-05-29T18:00:00+00:00,270.76,270.92,269.51,269.7,5062
2026-05-29T19:00:00+00:00,269.7,271.99,269.54,270.62,5684
2026-06-01T13:00:00+00:00,270.62,270.62,262.19,264.34,7760
2026-06-01T14:00:00+00:00,264.34,265.32,262.63,264.51,12381
2026-06-01T15:00:00+00:00,264.51,264.82,263.15,263.5,9637
2026-06-01T16:00:00+00:00,263.5,264.47,261.38,261.99,9512
2026-06-01T17:00:00+00:00,261.99,262.46,260.58,262.19,8645
2026-06-01T18:00:00+00:00,262.19,263.2,261.78,263,6246
2026-06-01T19:00:00+00:00,263,264.05,260.89,261.03,7541
2026-06-02T13:00:00+00:00,261.03,261.03,254.24,255.54,7038
2026-06-02T14:00:00+00:00,255.54,260.4,254.97,260.27,13201
2026-06-02T15:00:00+00:00,260.27,261.09,259.21,259.23,8707
2026-06-02T16:00:00+00:00,259.23,259.35,258.27,258.66,5746
2026-06-02T17:00:00+00:00,258.66,258.75,257.36,257.36,5184
2026-06-02T18:00:00+00:00,257.36,258.44,257.16,258.15,5433
2026-06-02T19:00:00+00:00,258.15,258.41,256.21,256.36,5731
2026-06-03T13:00:00+00:00,256.36,256.94,253.35,255.11,6509
2026-06-03T14:00:00+00:00,255.11,255.59,-2521.6205,-2521.4404999999997,11883.585727109516
2026-06-03T15:00:00+00:00,251.65,251.7,248.98,249.97,10232
2026-06-03T16:00:00+00:00,249.97,250.25,248.13,248.41,7744
2026-06-03T17:00:00+00:00,248.41,249.25,247.59,249,6265
2026-06-03T18:00:00+00:00,249,249.06,248.3,248.64,5212
2026-06-03T19:00:00+00:00,248.64,250.14,247.96,250.07,6823
2026-06-04T13:00:00+00:00,250.07,254.53,250.07,254.43,7348
2026-06-04T14:00:00+00:00,254.43,254.97,252.97,253.49,11756
2026-06-04T15:00:00+00:00,253.49,255.67,253.38,253.83,9236
2026-06-04T16:00:00+00:00,253.83,254.32,253.41,253.7,5645
2026-06-04T17:00:00+00:00,253.7,254.64,253.49,253.68,5159
2026-06-04T18:00:00+00:00,253.68,254.74,253.29,253.79,5443
2026-06-04T19:00:00+00:00,253.79,254.31,253,253.75,6577
2026-06-05T13:00:00+00:00,253.75,256.09,-2520.3505,-2520.3105,6846.315622608506
2026-06-05T14:00:00+00:00,252.71,253.34,-2521.0705,253.14,9905.681145042621
2026-06-05T15:00:00+00:00,253.14,253.56,-2520.5305,252.72,9812.308901856613
2026-06-05T16:00:00+00:00,252.72,253.44,252.23,253.08,13477
2026-06-05T17:00:00+00:00,253.08,253.71,252.33,253.39,11546
2026-06-05T18:00:00+00:00,253.39,253.62,247.53,247.88,14579
2026-06-05T19:00:00+00:00,247.88,248.09,245.65,245.8,15713
2026-06-08T13:00:00+00:00,245.8,249.28,245.8,246.9,7675
2026-06-08T14:00:00+00:00,246.9,247.31,245.98,247.09,14535
2026-06-08T15:00:00+00:00,247.09,247.59,245.43,245.82,10753
2026-06-08T16:00:00+00:00,245.82,246.79,245.43,245.48,8930
2026-06-08T17:00:00+00:00,245.48,245.75,244.48,244.55,10019
2026-06-08T18:00:00+00:00,244.55,244.71,243.23,244.38,8465
2026-06-08T19:00:00+00:00,244.38,245.47,244.04,245.09,8946
2026-06-09T13:00:00+00:00,245.09,250.29,245.09,248.64,6174
2026-06-09T14:00:00+00:00,248.64,248.89,244.28,245.14,17109
2026-06-09T15:00:00+00:00,245.14,245.37,242.06,242.42,15604
2026-06-09T16:00:00+00:00,242.42,243.87,240.28,241.36,18653
2026-06-09T17:00:00+00:00,241.36,244.97,241.12,244.6,15402
2026-06-09T18:00:00+00:00,244.6,245.56,244.49,245.27,12448
2026-06-09T19:00:00+00:00,245.27,245.65,242.94,244.05,12351
2026-06-10T13:00:00+00:00,244.05,244.05,240.1,240.46,10071
2026-06-10T14:00:00+00:00,240.46,242.29,-2533.2905,-2533.1005,19208.926434015244
2026-06-10T15:00:00+00:00,239.94,240.66,238.68,239.93,19924
2026-06-10T16:00:00+00:00,239.93,240.13,238.45,239.05,17044
2026-06-10T17:00:00+00:00,239.05,239.3,237.75,238.7,16085
2026-06-10T18:00:00+00:00,238.7,239.27,238,238.14,14996
2026-06-10T19:00:00+00:00,238.14,238.43,237.32,237.91,15179
2026-06-11T13:00:00+00:00,237.91,238.2,235.39,237.17,10177
2026-06-11T14:00:00+00:00,237.17,238.63,235.44,235.72,23259
2026-06-11T15:00:00+00:00,235.72,237.32,235.05,236.97,20706
2026-06-11T16:00:00+00:00,236.97,237.82,236.14,236.31,16981
2026-06-11T17:00:00+00:00,236.31,239.9,235.58,238.54,21431
2026-06-11T18:00:00+00:00,238.54,239.87,237.79,239.67,19032
2026-06-11T19:00:00+00:00,239.67,242,239.64,241.09,16957
2026-06-12T13:00:00+00:00,241.09,243.05,233.51,234.05,8009
2026-06-12T14:00:00+00:00,234.05,237.35,-2536.4905,-2535.9205,13214.800718974679
2026-06-12T15:00:00+00:00,237.09,238.37,235.44,235.84,13338
2026-06-12T16:00:00+00:00,235.84,236.88,235.58,236.72,11844
2026-06-12T17:00:00+00:00,236.72,237.39,236.25,236.33,8234
2026-06-12T18:00:00+00:00,236.33,237.89,235.89,237.7,7559
2026-06-12T19:00:00+00:00,237.7,238.52,237.18,238.4,8285
2026-06-15T13:00:00+00:00,238.4,247.62,238.4,247.08,11645
2026-06-15T14:00:00+00:00,247.08,247.1,245.43,246.32,19357
2026-06-15T15:00:00+00:00,246.32,246.5,245.48,246.33,16461
2026-06-15T16:00:00+00:00,246.33,246.89,245.5,246.05,11730
2026-06-15T17:00:00+00:00,246.05,246.85,245.83,246.22,10653
2026-06-15T18:00:00+00:00,246.22,246.68,245.75,246.66,9959
2026-06-15T19:00:00+00:00,246.66,246.76,245.33,246.03,12784
2026-06-16T13:00:00+00:00,246.03,248.27,246.03,246.29,10569
2026-06-16T14:00:00+00:00,246.29,248.68,245.33,248.25,22533
2026-06-16T15:00:00+00:00,248.25,249.35,247.76,247.89,21708
2026-06-16T16:00:00+00:00,247.89,247.89,245.79,245.96,15441
2026-06-16T17:00:00+00:00,245.96,246.26,245.38,245.57,10558
2026-06-16T18:00:00+00:00,245.57,246.62,245.56,246.25,7966
2026-06-16T19:00:00+00:00,246.25,246.57,245.54,246,14089
2026-06-17T13:00:00+00:00,246,246,241.62,241.99,7603
2026-06-17T14:00:00+00:00,241.99,242.55,-2532.4505,-2532.4305,19406.243538405535
2026-06-17T15:00:00+00:00,240.63,241.05,239.89,240.09,13657
2026-06-17T16:00:00+00:00,240.09,240.79,239.13,239.75,10213
2026-06-17T17:00:00+00:00,239.75,240.54,239.04,240.45,8619
2026-06-17T18:00:00+00:00,240.45,240.45,237.75,238.18,30577
2026-06-17T19:00:00+00:00,238.18,238.61,236.38,237.33,28923
2026-06-18T13:00:00+00:00,237.33,240.55,235.92,238.76,11480
2026-06-18T14:00:00+00:00,238.76,240.36,-2533.3305,-2533.3205,22302.191555280162
2026-06-18T15:00:00+00:00,239.77,244.19,239.68,243.66,21897
2026-06-18T16:00:00+00:00,243.66,244.09,242.38,243.32,18372
2026-06-18T17:00:00+00:00,243.32,245.6,243.14,243.87,14097
2026-06-18T18:00:00+00:00,243.87,243.92,242.67,243,9709
2026-06-18T19:00:00+00:00,243,244.56,242.31,244.29,11545
2026-06-22T13:00:00+00:00,244.29,244.29,238.52,239.17,9078
2026-06-22T14:00:00+00:00,239.17,239.23,233.78,234.17,20968
2026-06-22T15:00:00+00:00,234.17,234.74,232.41,233.54,17595
2026-06-22T16:00:00+00:00,233.54,233.59,232.54,233.12,12642
2026-06-22T17:00:00+00:00,233.12,234.06,232.12,233.61,9569
2026-06-22T18:00:00+00:00,233.61,234.48,233.54,234.07,8590
2026-06-22T19:00:00+00:00,234.07,234.93,232.68,232.84,12867
2026-06-23T13:00:00+00:00,232.84,235.25,231.77,234.1,13452
2026-06-23T14:00:00+00:00,234.1,236.76,234.01,235.32,24429
2026-06-23T15:00:00+00:00,235.32,235.38,233.08,234.47,23223
2026-06-23T16:00:00+00:00,234.47,234.94,234.07,234.57,18620
2026-06-23T17:00:00+00:00,234.57,234.73,233.71,234.62,16029
2026-06-23T18:00:00+00:00,234.62,235.71,233.93,234.12,15475
2026-06-23T19:00:00+00:00,234.12,235.41,233.7,234.11,18762
2026-06-24T13:00:00+00:00,234.11,238.36,232.77,236.97,13853
2026-06-24T14:00:00+00:00,236.97,240.75,-2532.4305,-2532.1904999999997,25108.590863285186
2026-06-24T15:00:00+00:00,240.89,242.28,240.6,241.81,24976
2026-06-24T16:00:00+00:00,241.81,241.86,239.41,239.62,18544
2026-06-24T17:00:00+00:00,239.62,239.99,238.01,238.16,25174
2026-06-24T18:00:00+00:00,238.16,238.67,236.44,236.8,25209
2026-06-24T19:00:00+00:00,236.8,237.07,233.67,234.34,27317
2026-06-25T13:00:00+00:00,234.34,234.34,225.92,227.43,17878
2026-06-25T14:00:00+00:00,227.43,229.56,227.11,228.45,30029
2026-06-25T15:00:00+00:00,228.45,230.71,228.23,230.08,27522
2026-06-25T16:00:00+00:00,230.08,230.11,227.09,228.13,23115
2026-06-25T17:00:00+00:00,228.13,228.65,227.63,228.61,18761
2026-06-25T18:00:00+00:00,228.61,230.31,227.82,228.8,18745
2026-06-25T19:00:00+00:00,228.8,228.93,225.43,227.01,19546
2026-06-26T13:00:00+00:00,227.01,228.84,226,227.56,16156
2026-06-26T14:00:00+00:00,227.56,231.57,-2542.6705,-2542.6605,29068.65656418476
2026-06-26T15:00:00+00:00,230.43,232.48,230.02,232.13,24650
2026-06-26T16:00:00+00:00,232.13,232.43,230.82,231.63,20568
2026-06-26T17:00:00+00:00,231.63,231.85,229.88,230.7,15739
2026-06-26T18:00:00+00:00,230.7,231.01,228.68,228.74,16004
2026-06-26T19:00:00+00:00,228.74,232.82,227.71,230.56,20963
2026-06-29T13:00:00+00:00,230.56,243.22,230.56,241.47,9453
2026-06-29T14:00:00+00:00,241.47,246.63,241.16,244.98,18343
2026-06-29T15:00:00+00:00,244.98,245.19,240.74,242.09,14092
2026-06-29T16:00:00+00:00,242.09,242.13,239.6,241.22,11014
2026-06-29T17:00:00+00:00,241.22,241.45,240.23,241.03,8435
2026-06-29T18:00:00+00:00,241.03,241.1,239.78,241.05,8036
2026-06-29T19:00:00+00:00,241.05,241.86,239.6,240,9433
2026-06-30T13:00:00+00:00,240,240.31,236.88,238.45,9473
2026-06-30T14:00:00+00:00,238.45,240.58,237.88,237.98,18994
2026-06-30T15:00:00+00:00,237.98,240.2,237.42,239.69,12963
2026-06-30T16:00:00+00:00,239.69,241.4,238.48,240.49,10190
2026-06-30T17:00:00+00:00,240.49,240.53,238.06,238.34,8936
2026-06-30T18:00:00+00:00,238.34,239.02,237.31,237.65,8143
2026-06-30T19:00:00+00:00,237.65,239.4,237.39,238.07,12146
2026-07-01T13:00:00+00:00,238.07,239.65,234.76,237.66,12524
2026-07-01T14:00:00+00:00,237.66,242.23,-2531.2205,-2530.6005,19454.289794271885
2026-07-01T15:00:00+00:00,242.38,243.42,241.22,242.22,18770
2026-07-01T16:00:00+00:00,242.22,242.95,241.72,242.1,14029
2026-07-01T17:00:00+00:00,242.1,244.77,242.08,243.71,15309
2026-07-01T18:00:00+00:00,243.71,244.48,243.51,243.74,12320
2026-07-01T19:00:00+00:00,243.74,244.14,241.38,241.72,14630
2026-07-02T13:00:00+00:00,241.72,244.42,240.93,241.78,11432
2026-07-02T14:00:00+00:00,241.78,245.29,-2528.3305,-2528.0105,25640.80273141123
2026-07-02T15:00:00+00:00,245.04,245.79,243.65,245.67,25596
2026-07-02T16:00:00+00:00,245.67,246.56,244.39,244.46,23685
2026-07-02T17:00:00+00:00,244.46,245.27,243.39,243.94,20486
2026-07-02T18:00:00+00:00,243.94,244.47,242.82,243.12,16933
2026-07-02T19:00:00+00:00,243.12,244,242.1,242.34,15799
2026-07-06T13:00:00+00:00,242.34,245.25,240.75,241.48,5974
2026-07-06T14:00:00+00:00,241.48,243.55,241.23,242.55,10004
2026-07-06T15:00:00+00:00,242.55,245.55,242.41,245.28,8539
2026-07-06T16:00:00+00:00,245.28,245.91,244.3,244.49,5700
2026-07-06T17:00:00+00:00,244.49,245.58,244.48,244.78,6071
2026-07-06T18:00:00+00:00,244.78,245.6,244.21,245.31,5291
2026-07-06T19:00:00+00:00,245.31,245.73,243.68,244.03,7541
2026-07-07T13:00:00+00:00,244.03,248.79,244.03,247.74,11920
2026-07-07T14:00:00+00:00,247.74,247.82,243.77,244.13,21437
2026-07-07T15:00:00+00:00,244.13,244.28,242.53,243.64,16749
2026-07-07T16:00:00+00:00,243.64,246.16,243.43,245.66,12326
2026-07-07T17:00:00+00:00,245.66,246.27,244.76,246.15,8713
2026-07-07T18:00:00+00:00,246.15,246.64,245.31,245.67,9979
2026-07-07T19:00:00+00:00,245.67,246.14,245.03,245.81,12784
2026-07-08T13:00:00+00:00,245.81,245.81,240.76,242.04,6386
2026-07-08T14:00:00+00:00,242.04,244.01,-2532.1504999999997,-2532.1005,11589.90324659631
2026-07-08T15:00:00+00:00,240.95,242.1,240.38,240.8,10254
2026-07-08T16:00:00+00:00,240.8,242.07,240.69,241.91,8565
2026-07-08T17:00:00+00:00,241.91,242.58,241.44,241.44,6657
2026-07-08T18:00:00+00:00,241.44,242.65,241.3,242.39,6359
2026-07-08T19:00:00+00:00,242.39,244.12,241.98,243.44,7174
2026-07-09T13:00:00+00:00,243.44,243.44,238.1,242.57,6235
2026-07-09T14:00:00+00:00,242.57,242.78,239.13,241.12,10985
2026-07-09T15:00:00+00:00,241.12,241.79,240.94,241.43,6914
2026-07-09T16:00:00+00:00,241.43,242.68,240.73,242.11,6228
2026-07-09T17:00:00+00:00,242.11,244.48,242.01,243.58,5783
2026-07-09T18:00:00+00:00,243.58,245.04,243.55,244.19,5159
2026-07-09T19:00:00+00:00,244.19,247.19,244.07,246.96,7114
2026-07-10T13:00:00+00:00,246.96,250.85,245.68,245.69,8408
2026-07-10T14:00:00+00:00,245.69,246.66,-2527.7405,-2527.6605,15542.664724730555
2026-07-10T15:00:00+00:00,245.41,246.56,244.43,246.11,12617
2026-07-10T16:00:00+00:00,246.11,246.45,245.41,245.79,8059
2026-07-10T17:00:00+00:00,245.79,245.83,244.28,244.91,6075
2026-07-10T18:00:00+00:00,244.91,245.75,244.64,245.13,5404
2026-07-10T19:00:00+00:00,245.13,245.94,244.98,245.35,6201
2026-07-13T13:00:00+00:00,245.35,248.41,242.9,247.84,13792
2026-07-13T14:00:00+00:00,247.84,248.46,245.15,248.14,18154
2026-07-13T15:00:00+00:00,248.14,249.19,247.6,247.72,13143
2026-07-13T16:00:00+00:00,247.72,248.44,247.28,247.5,12740
2026-07-13T17:00:00+00:00,247.5,248.54,247.42,247.92,10354
2026-07-13T18:00:00+00:00,247.92,249.52,247.55,248.81,9391
2026-07-13T19:00:00+00:00,248.81,248.88,245.8,247.16,12281
2026-07-14T13:00:00+00:00,247.16,247.16,243.6,245.87,7278
2026-07-14T14:00:00+00:00,245.87,246.6,244.08,245.38,11580
2026-07-14T15:00:00+00:00,245.38,246.05,244.94,245.31,11563
2026-07-14T16:00:00+00:00,245.31,245.97,244.46,245.9,9860
2026-07-14T17:00:00+00:00,245.9,246.71,245.49,246.48,7238
2026-07-14T18:00:00+00:00,246.48,247.42,246.09,246.53,6782
2026-07-14T19:00:00+00:00,246.53,248.44,246.49,247.44,7343
2026-07-15T13:00:00+00:00,247.44,252.72,247.44,252.09,6991
2026-07-15T14:00:00+00:00,252.09,255.92,-2519.5005,-2519.2405,12675.197515655476
2026-07-15T15:00:00+00:00,253.81,256.07,253.47,254.58,10705
2026-07-15T16:00:00+00:00,254.58,256.32,254.45,255.4,11584
2026-07-15T17:00:00+00:00,255.4,255.6,254.49,254.9,9572
2026-07-15T18:00:00+00:00,254.9,255.27,254.08,254.19,7864
2026-07-15T19:00:00+00:00,254.19,255.08,253.49,254.72,8666
2026-07-16T13:00:00+00:00,254.72,257.85,252.41,253.97,8897
2026-07-16T14:00:00+00:00,253.97,256.99,253.18,254.8,12542
2026-07-16T15:00:00+00:00,254.8,256.21,254.68,256.14,9984
2026-07-16T16:00:00+00:00,256.14,256.45,255.13,255.79,10798
2026-07-16T17:00:00+00:00,255.79,256.52,254.44,254.44,9357
2026-07-16T18:00:00+00:00,254.44,254.97,251.79,253.15,10142
2026-07-16T19:00:00+00:00,253.15,253.32,247.88,249.86,11635
2026-07-17T13:00:00+00:00,249.86,249.86,243.01,247.64,9477
2026-07-17T14:00:00+00:00,247.64,250.04,-2524.6605,-2524.5005,13239.7540677514
2026-07-17T15:00:00+00:00,248.56,248.88,247.84,248.5,9910
2026-07-17T16:00:00+00:00,248.5,249.15,247.14,248.78,12521
2026-07-17T17:00:00+00:00,248.78,249.28,246.76,247.53,10460
2026-07-17T18:00:00+00:00,247.53,247.77,246.78,247.63,8250
2026-07-17T19:00:00+00:00,247.63,247.99,246.45,247.23,9461
2026-07-20T13:00:00+00:00,247.23,250.59,246.81,248.4,8370
2026-07-20T14:00:00+00:00,248.4,250.3,248.13,249.84,9232
2026-07-20T15:00:00+00:00,249.84,252.02,249.7,251.74,10433
2026-07-20T16:00:00+00:00,251.74,252.74,251.64,252.06,9594
2026-07-20T17:00:00+00:00,252.06,252.11,249.77,250.42,9124
2026-07-20T18:00:00+00:00,250.42,250.66,248.93,249.04,7428
2026-07-20T19:00:00+00:00,249.04,250.1,248.94,250.03,9945
2026-07-21T13:00:00+00:00,250.03,250.03,246.6,247.45,6142
2026-07-21T14:00:00+00:00,247.45,248.44,246.74,247.59,8675
2026-07-21T15:00:00+00:00,247.59,248.22,246.83,247.57,8102
2026-07-21T16:00:00+00:00,247.57,248.3,247.07,247.91,6009
2026-07-21T17:00:00+00:00,247.91,248.68,247.77,248.54,5356
2026-07-21T18:00:00+00:00,248.54,248.68,247.33,247.42,5205
2026-07-21T19:00:00+00:00,247.42,247.82,247.1,247.4,6128
2026-07-22T13:00:00+00:00,247.4,248.09,244.2,245.53,4915
2026-07-22T14:00:00+00:00,245.53,246.85,-2529.0205,-2528.9305,8938.381728544118
2026-07-22T15:00:00+00:00,244.11,244.18,243.13,243.79,8008
2026-07-22T16:00:00+00:00,243.79,244.39,243.4,243.83,5245
2026-07-22T17:00:00+00:00,243.83,243.85,242.42,242.52,5100
2026-07-22T18:00:00+00:00,242.52,243.6,242.33,243.59,4519
2026-07-22T19:00:00+00:00,243.59,245.04,243.56,244.74,8221
2026-07-23T13:00:00+00:00,244.74,244.74,235.16,235.43,7547
2026-07-23T14:00:00+00:00,235.43,235.92,232.21,232.44,15272
2026-07-23T15:00:00+00:00,232.44,233.63,231.93,233.56,14206
2026-07-23T16:00:00+00:00,233.56,235.01,233.27,234.47,11490
2026-07-23T17:00:00+00:00,234.47,234.92,233.8,234.12,10012
2026-07-23T18:00:00+00:00,234.12,234.29,233.39,233.52,7905
2026-07-23T19:00:00+00:00,233.52,233.97,232.78,233.53,8987
2026-07-24T13:00:00+00:00,233.53,234.67,232.08,232.51,6221
2026-07-24T14:00:00+00:00,232.51,233.11,231.24,233.11,12508
2026-07-24T15:00:00+00:00,233.11,233.8,232.03,233,12287
2026-07-24T16:00:00+00:00,233,234.19,232.98,233.31,10039
2026-07-24T17:00:00+00:00,233.31,233.73,232.47,232.95,8689
2026-07-24T18:00:00+00:00,232.95,233.02,231.48,231.81,9600
2026-07-24T19:00:00+00:00,231.81,232.36,231.23,232,10795
2026-07-27T13:00:00+00:00,232,235.54,232,233.94,6357
2026-07-27T14:00:00+00:00,233.94,234.85,232.79,233.41,17526
2026-07-27T15:00:00+00:00,233.41,234.08,231.74,231.74,15850
2026-07-27T16:00:00+00:00,231.74,232.06,230.87,231.7,13259
2026-07-27T17:00:00+00:00,231.7,232.17,-2540.9905,232.1,8835.83022239873
2026-07-27T18:00:00+00:00,232.1,232.84,-2541.2205,232.58,5686.612699913471
2026-07-27T19:00:00+00:00,232.58,232.62,231.05,231.26,8327
2026-07-28T13:00:00+00:00,231.26,232.81,229.16,229.24,14034
2026-07-28T14:00:00+00:00,229.24,230.39,227.98,228.99,26028
2026-07-28T15:00:00+00:00,228.99,231.24,228.58,231.1,18654
2026-07-28T16:00:00+00:00,231.1,231.72,230.77,231.45,11655
2026-07-28T17:00:00+00:00,231.45,232.23,230.96,231.45,11992
2026-07-28T18:00:00+00:00,231.45,231.5,230.65,231.19,10906
2026-07-28T19:00:00+00:00,231.19,231.3,230.35,230.72,10530
2026-07-29T13:00:00+00:00,230.72,230.72,228.24,229.33,11616
2026-07-29T14:00:00+00:00,229.33,229.72,-2545.4905,-2545.3804999999998,23438.127437325908
2026-07-29T15:00:00+00:00,227.71,228.77,227.49,227.73,18220
2026-07-29T16:00:00+00:00,227.73,229.83,227.19,229.82,15163
2026-07-29T17:00:00+00:00,229.82,230.75,229.22,230.41,16540
2026-07-29T18:00:00+00:00,230.41,232.7,230.39,232.35,30942
2026-07-29T19:00:00+00:00,232.35,232.44,225.89,226.65,34952
2026-07-30T13:00:00+00:00,226.65,236.81,226.65,236.67,10982
2026-07-30T14:00:00+00:00,236.67,238.22,235.68,236.86,15907
2026-07-30T15:00:00+00:00,236.86,238.57,236.17,238.05,13975
2026-07-30T16:00:00+00:00,238.05,239.36,237.85,238.08,12629
2026-07-30T17:00:00+00:00,238.08,238.61,237.3,237.44,8830
2026-07-30T18:00:00+00:00,237.44,237.77,236.78,237.61,7659
2026-07-30T19:00:00+00:00,237.61,239.65,234.63,235.92,14136
2026-07-31T13:00:00+00:00,235.92,269.8,235.92,269.03,12989
2026-07-31T14:00:00+00:00,269.03,271.87,266.85,270.61,19814
2026-07-31T15:00:00+00:00,270.61,271.83,266.16,268.71,14682
2026-07-31T16:00:00+00:00,268.71,271.42,268.68,270.92,12506
2026-07-31T17:00:00+00:00,270.92,271.33,269.52,270.41,10245
2026-07-31T18:00:00+00:00,270.41,271.74,270.41,271.53,8398
2026-07-31T19:00:00+00:00,271.53,273.11,270.88,271.25,12672
2026-08-03T13:00:00+00:00,271.25,286.59000000000003,271.25,284.03000000000003,11683
2026-08-03T14:00:00+00:00,284.03000000000003,286.04,282.74,284.28000000000003,13757
2026-08-03T15:00:00+00:00,284.28000000000003,285.82,283.4,284.83,11507
2026-08-03T16:00:00+00:00,284.83,285.05,283.52,284.11,8697
2026-08-03T17:00:00+00:00,284.11,284.46,282.9,283.22,7425
2026-08-03T18:00:00+00:00,283.22,284.11,281.9,283.89,7422
2026-08-03T19:00:00+00:00,283.89,285.39,282.5,283.57,9739
2026-08-04T13:00:00+00:00,283.57,283.57,275.31,276.41,10280
2026-08-04T14:00:00+00:00,276.41,280.52,276.12,277.12,17438
2026-08-04T15:00:00+00:00,277.12,278.03000000000003,276.11,277.06,16190
2026-08-04T16:00:00+00:00,277.06,278.7,276.9,277.64,12975
2026-08-04T17:00:00+00:00,277.64,278.73,277.58,277.66,11984
2026-08-04T18:00:00+00:00,277.66,277.83,276.4,276.55,11950
2026-08-04T19:00:00+00:00,276.55,278.23,276.4,276.97,13947
2026-08-05T13:00:00+00:00,276.97,282.16,274.79,275.36,9273
2026-08-05T14:00:00+00:00,275.36,277.43,-2496.1005,-2495.8005,13696.837625788845
2026-08-05T15:00:00+00:00,277.27,277.99,272.73,272.73,14434
2026-08-05T16:00:00+00:00,272.73,273.11,271.89,272.13,15534
2026-08-05T17:00:00+00:00,272.13,272.56,271.03,271.4,11645
2026-08-05T18:00:00+00:00,271.4,271.87,270.58,271.2,9433
2026-08-05T19:00:00+00:00,271.2,273.05,270.97,272.45,12146
2026-08-06T13:00:00+00:00,272.45,275.29,272.38,273.28,6502
2026-08-06T14:00:00+00:00,273.28,274.5,272.13,274.06,10440
2026-08-06T15:00:00+00:00,274.06,274.32,272.77,273.06,7923
2026-08-06T16:00:00+00:00,273.06,273.41,271.79,272.08,6739
2026-08-06T17:00:00+00:00,272.08,272.46,271.58,271.68,4283
2026-08-06T18:00:00+00:00,271.68,271.85,270.95,271.63,4338
2026-08-06T19:00:00+00:00,271.63,272.31,270.96,272.16,6767
2026-08-07T13:00:00+00:00,272.16,277.59,272.16,276.63,10506
2026-08-07T14:00:00+00:00,276.63,277.02,274.73,276.83,13010
2026-08-07T15:00:00+00:00,276.83,278.15,276.29,277.23,5735
2026-08-07T16:00:00+00:00,277.23,277.3,274.91,275.02,5764
2026-08-07T17:00:00+00:00,275.02,275.03,273.78,274.1,4949
2026-08-07T18:00:00+00:00,274.1,275.05,273.86,274.21000000000004,4573
2026-08-07T19:00:00+00:00,274.21000000000004,275.41,273.78000000000003,274.48,7038
2026-08-10T13:00:00+00:00,274.48,276.52000000000004,273.45000000000005,275.63,10078
2026-08-10T14:00:00+00:00,275.63,278.23,274.76,277.47,16699
2026-08-10T15:00:00+00:00,277.47,280,277.40000000000003,279.59000000000003,13270
2026-08-10T16:00:00+00:00,279.59000000000003,279.76,276.94,277.18,11206
2026-08-10T17:00:00+00:00,277.18,277.90000000000003,276.58000000000004,276.74,7709
2026-08-10T18:00:00+00:00,276.74,277.12,276.09000000000003,276.88,6018
2026-08-10T19:00:00+00:00,276.88,278.23,276.29,278.06,8559
2026-08-11T13:00:00+00:00,278.06,278.42,273.07,274.34000000000003,4907
2026-08-11T14:00:00+00:00,274.34000000000003,275.45000000000005,273.76,274.39000000000004,7218
2026-08-11T15:00:00+00:00,274.39000000000004,274.68,271.81,272.1,6266
2026-08-11T16:00:00+00:00,272.1,272.39000000000004,271.28000000000003,271.88,4709
2026-08-11T17:00:00+00:00,271.88,272.66,271.34000000000003,272.42,3871
2026-08-11T18:00:00+00:00,272.42,272.75,271.22,272.42,4115
2026-08-11T19:00:00+00:00,272.42,273.29,271.72,272,6254
2026-08-12T13:00:00+00:00,272,273.09000000000003,269.97,270.63,10438
2026-08-12T14:00:00+00:00,270.63,270.75,-2504.1405,-2504.0005,15447.750240153699
2026-08-12T15:00:00+00:00,269.05,269.25,267.76,267.78,10488
2026-08-12T16:00:00+00:00,267.78,269.29,267.43,269.13,8070
2026-08-12T17:00:00+00:00,269.13,269.33,267.79,267.84,5720
2026-08-12T18:00:00+00:00,267.84,269.12,267.73,268.81,5108
2026-08-12T19:00:00+00:00,268.81,269.08,266.95,267.29,7529
2026-08-13T13:00:00+00:00,267.29,269.23,265.4,269.04,11324
2026-08-13T14:00:00+00:00,269.04,269.4,267.51,267.93,13264
2026-08-13T15:00:00+00:00,267.93,268.13,265.89,265.97,12579
2026-08-13T16:00:00+00:00,265.97,266,264.69,265.3,7835
2026-08-13T17:00:00+00:00,265.3,265.6,264.97,265.23,5296
2026-08-13T18:00:00+00:00,265.23,266.39,265.18,266.05,5099
2026-08-13T19:00:00+00:00,266.05,266.1,264.56,264.96,7957
2026-08-14T13:00:00+00:00,264.96,265.48,263.89,264.64,6731
2026-08-14T14:00:00+00:00,264.64,265.66,-2509.5105,-2509.4905,9149.296708860758
2026-08-14T15:00:00+00:00,263.61,264.12,263.23,263.85,7449
2026-08-14T16:00:00+00:00,263.85,264.3,263.02,263.11,5692
2026-08-14T17:00:00+00:00,263.11,263.39,262.89,263.17,4791
2026-08-14T18:00:00+00:00,263.17,263.87,262.78,262.92,4657
2026-08-14T19:00:00+00:00,262.92,263.65,262.14,262.45,5679
2026-08-17T13:00:00+00:00,262.45,265.36,260.96,261.4,5182
2026-08-17T14:00:00+00:00,261.4,261.74,259.98,260.8,6922
2026-08-17T15:00:00+00:00,260.8,261.6,260.53,260.89,5729
2026-08-17T16:00:00+00:00,260.89,261.13,259.08,259.31,4589
2026-08-17T17:00:00+00:00,259.31,259.6,258.22,258.68,4717
2026-08-17T18:00:00+00:00,258.68,260.08,258.55,259.78,3939
2026-08-17T19:00:00+00:00,259.78,261.26,259.55,261.19,5787
2026-08-18T13:00:00+00:00,261.19,261.19,257.61,257.9,5543
2026-08-18T14:00:00+00:00,257.9,261.9,257.81,261.72,9441
2026-08-18T15:00:00+00:00,261.72,262.01,259.54,260.23,7254
2026-08-18T16:00:00+00:00,260.23,261.95,260.23,261.78,5054
2026-08-18T17:00:00+00:00,261.78,261.99,260.21,260.23,5143
2026-08-18T18:00:00+00:00,260.23,260.68,259.89,260.09,4890
2026-08-18T19:00:00+00:00,260.09,260.45,258.89,259.3,7532
2026-08-19T13:00:00+00:00,259.3,262.41,258.46,259.73,5839
2026-08-19T14:00:00+00:00,259.73,264.83,-2509.5505,-2509.4205,10085.401574803149
2026-08-19T15:00:00+00:00,263.6,264.62,262.76,264.4,6107
2026-08-19T16:00:00+00:00,264.4,264.99,263.77,264.09,5392
2026-08-19T17:00:00+00:00,264.09,264.64,263.68,264.28,4749
2026-08-19T18:00:00+00:00,264.28,264.86,263.75,263.99,5193
2026-08-19T19:00:00+00:00,263.99,266.24,263.89,265.65,7543
2026-08-20T13:00:00+00:00,265.65,265.65,261.55,262.76,4041
2026-08-20T14:00:00+00:00,262.76,262.85,260.27,261.28,6643
2026-08-20T15:00:00+00:00,261.28,261.43,259.79,260.92,7196
2026-08-20T16:00:00+00:00,260.92,263.31,260.73,262.33,4706
2026-08-20T17:00:00+00:00,262.33,262.33,261.02,261.18,3501
2026-08-20T18:00:00+00:00,261.18,261.24,259.77,260.73,4899
2026-08-20T19:00:00+00:00,260.73,261.43,259.32,260.25,5546
2026-08-21T13:00:00+00:00,260.25,260.93,256.9,258.73,5571
2026-08-21T14:00:00+00:00,258.73,260.05,257.99,259.99,6608
2026-08-21T15:00:00+00:00,259.99,260.67,258.13,259.52,5731
2026-08-21T16:00:00+00:00,259.52,259.57,258.43,259.07,4656
2026-08-21T17:00:00+00:00,259.07,259.44,257.99,258.32,4086
2026-08-21T18:00:00+00:00,258.32,259.18,257.96,259.15,3177
2026-08-21T19:00:00+00:00,259.15,259.83,258.08,258.38,4952
2026-08-24T13:00:00+00:00,258.38,262.65,258.38,261.39,5654
2026-08-24T14:00:00+00:00,261.39,262.91,260.03,261.69,7828
2026-08-24T15:00:00+00:00,261.69,262.81,261.25,262.4,6423
2026-08-24T16:00:00+00:00,262.4,263.19,262.13,262.86,5662
2026-08-24T17:00:00+00:00,262.86,263.12,261.36,261.92,6300
2026-08-24T18:00:00+00:00,261.92,262.9,261.63,261.65,4625
2026-08-24T19:00:00+00:00,261.65,262.48,261.51,261.93,5908
2026-08-25T13:00:00+00:00,261.93,263.59,261.48,261.81,4101
2026-08-25T14:00:00+00:00,261.81,261.87,260.13,260.74,6962
2026-08-25T15:00:00+00:00,260.74,261.14,260.14,260.9,6460
2026-08-25T16:00:00+00:00,260.9,261.24,260.36,260.9,4146
2026-08-25T17:00:00+00:00,260.9,260.9,259.94,260.36,4070
2026-08-25T18:00:00+00:00,260.36,260.64,259.7,260.6,3599
2026-08-25T19:00:00+00:00,260.6,261.25,259.78000000000003,261.02000000000004,4882
2026-08-26T13:00:00+00:00,261.02000000000004,261.69,259.29,260.72,3640
2026-08-26T14:00:00+00:00,260.72,261.12,258.73,260.15000000000003,6960
2026-08-26T15:00:00+00:00,260.15000000000003,260.99,258.53000000000003,258.54,6168
2026-08-26T16:00:00+00:00,258.54,258.7,258.11,258.62,5252
2026-08-26T17:00:00+00:00,258.62,259.25,258.33,258.53,4176
2026-08-26T18:00:00+00:00,258.53,259.34,258.5,259.31,3927
2026-08-26T19:00:00+00:00,259.31,260.76,259.27,260.36,6430
2026-08-27T13:00:00+00:00,260.36,260.36,255.58999999999997,257.45,4900
2026-08-27T14:00:00+00:00,257.45,257.71,256.55,256.78,5876
2026-08-27T15:00:00+00:00,256.78,257.09,255.41999999999996,255.90999999999997,5019
2026-08-27T16:00:00+00:00,255.90999999999997,256.2899999999999,255.4499999999999,255.7999999999999,4239
2026-08-27T17:00:00+00:00,255.7999999999999,255.9199999999999,254.9699999999999,255.3799999999999,4416
2026-08-27T18:00:00+00:00,255.3799999999999,255.6299999999999,254.5499999999999,255.05999999999992,4257
2026-08-27T19:00:00+00:00,255.05999999999992,256.5799999999999,255.0399999999999,255.6399999999999,4941
2026-08-28T13:00:00+00:00,255.6399999999999,259.2799999999999,255.6399999999999,258.7699999999999,3827
2026-08-28T14:00:00+00:00,258.7699999999999,264.9099999999999,258.4599999999999,264.75999999999993,8730
2026-08-28T15:00:00+00:00,264.75999999999993,267.0499999999999,264.5599999999999,264.8699999999999,8387
2026-08-28T16:00:00+00:00,264.8699999999999,266.4699999999999,264.2499999999999,264.6899999999999,6169
2026-08-28T17:00:00+00:00,264.6899999999999,265.0799999999999,263.9199999999999,264.94999999999993,4464
2026-08-28T18:00:00+00:00,264.94999999999993,265.3699999999999,264.31999999999994,264.6499999999999,4549
2026-08-28T19:00:00+00:00,264.6499999999999,266.2499999999999,264.4699999999999,265.9599999999999,6048
2026-08-31T13:00:00+00:00,265.9599999999999,265.9599999999999,260.5899999999999,260.7499999999999,4518
2026-08-31T14:00:00+00:00,260.7499999999999,260.7899999999999,259.2399999999999,260.3999999999999,6534
2026-08-31T15:00:00+00:00,260.3999999999999,261.3499999999999,260.3399999999999,260.4699999999999,4750
2026-08-31T16:00:00+00:00,260.4699999999999,260.9799999999999,260.1699999999999,260.8399999999999,3701
2026-08-31T17:00:00+00:00,260.8399999999999,261.1799999999999,260.1599999999999,260.6199999999999,3088
2026-08-31T18:00:00+00:00,260.6199999999999,260.6199999999999,256.6499999999999,258.1699999999999,6984
2026-08-31T19:00:00+00:00,258.1699999999999,260.5599999999999,257.8399999999999,259.6199999999999,6922
2026-09-01T13:00:00+00:00,259.6199999999999,259.6199999999999,251.55999999999992,253.45999999999992,4875
2026-09-01T14:00:00+00:00,253.45999999999992,254.8199999999999,253.08999999999992,253.95999999999992,6783
2026-09-01T15:00:00+00:00,253.95999999999992,255.0499999999999,253.48999999999992,254.9499999999999,5093
2026-09-01T16:00:00+00:00,254.9499999999999,254.9799999999999,253.5399999999999,254.1399999999999,4933
2026-09-01T17:00:00+00:00,254.1399999999999,254.2899999999999,253.48999999999992,254.1299999999999,3929
2026-09-01T18:00:00+00:00,254.1299999999999,254.9399999999999,253.4699999999999,253.6099999999999,4852
2026-09-01T19:00:00+00:00,253.6099999999999,254.5099999999999,253.4199999999999,254.4799999999999,5058
